Workbook

Sheet Concelhos
A1: Código DICO | B1: Concelho | C1: Distrito / Região | D1: Ilha | E1: Email da Câmara Municipal
A2: 0101 | B2: Águeda | C2: Aveiro | E2: geral@cm-agueda.pt
A3: 0102 | B3: Albergaria-a-Velha | C3: Aveiro | E3: geral@cm-albergaria.pt
A4: 0103 | B4: Anadia | C4: Aveiro | E4: geral@cm-anadia.pt
A5: 0104 | B5: Arouca | C5: Aveiro | E5: geral@cm-arouca.pt
A6: 0105 | B6: Aveiro | C6: Aveiro | E6: geral@cm-aveiro.pt
A7: 0106 | B7: Castelo de Paiva | C7: Aveiro | E7: geral@cm-castelo-paiva.pt
A8: 0107 | B8: Espinho | C8: Aveiro | E8: geral@cm-espinho.pt
A9: 0108 | B9: Estarreja | C9: Aveiro | E9: geral@cm-estarreja.pt
A10: 0109 | B10: Santa Maria da Feira | C10: Aveiro | E10: santamariadafeira@cm-feira.pt
A11: 0110 | B11: Ílhavo | C11: Aveiro | E11: geralcmi@cm-ilhavo.pt
A12: 0111 | B12: Mealhada | C12: Aveiro | E12: gabpresidencia@cm-mealhada.pt
A13: 0112 | B13: Murtosa | C13: Aveiro | E13: geral@cm-murtosa.pt
... A279: 1824 | B279: Vouzela | C279: Viseu | E279: geral@cm-vouzela.pt
A280: 3101 | B280: Calheta | C280: R. A. da Madeira | D280: Ilha da Madeira | E280: camara@cmcalheta.pt
A281: 3102 | B281: Câmara de Lobos | C281: R. A. da Madeira | D281: Ilha da Madeira | E281: geral@cm-camaradelobos.pt
A282: 3103 | B282: Funchal | C282: R. A. da Madeira | D282: Ilha da Madeira | E282: cmf@cm-funchal.pt
A283: 3104 | B283: Machico | C283: R. A. da Madeira | D283: Ilha da Madeira | E283: gabinete.apoio@cm-machico.pt
A284: 3105 | B284: Ponta do Sol | C284: R. A. da Madeira | D284: Ilha da Madeira | E284: presidencia@cm-pontadosol.pt
A285: 3106 | B285: Porto Moniz | C285: R. A. da Madeira | D285: Ilha da Madeira | E285: geral@portomoniz.pt
A286: 3107 | B286: Ribeira Brava | C286: R. A. da Madeira | D286: Ilha da Madeira | E286: geral@cm-ribeirabrava.pt
A287: 3108 | B287: Santa Cruz | C287: R. A. da Madeira | D287: Ilha da Madeira | E287: geral@cm-santacruz.pt
A288: 3109 | B288: Santana | C288: R. A. da Madeira | D288: Ilha da Madeira | E288: gap@cm-santana.com
A289: 3110 | B289: São Vicente | C289: R. A. da Madeira | D289: Ilha da Madeira | E289: recursos.humanos@cm-saovicente.pt
A290: 3201 | B290: Porto Santo | C290: R. A. da Madeira | D290: Ilha de Porto Santo | E290: geral@cm-portosanto.pt
A291: 4101 | B291: Vila do Porto | C291: R. A. dos Açores | D291: Ilha de Santa Maria | E291: geral@cm-viladoporto.pt
... A309: 4901 | B309: Corvo | C309: R. A. dos Açores | D309: Ilha do Corvo | E309: geral@cm-corvo.pt

Sheet Resumo
A1: Resumo por distrito / região
A3: Distrito / Região | B3: N.º de concelhos | C3: Emails preenchidos
A4: Aveiro | B4: =COUNTIF(Concelhos!$C$2:$C$309,A4) -> 19 | C4: =COUNTIFS(Concelhos!$C$2:$C$309,A4,Concelhos!$E$2:$E$309,"<>") -> 19
A5: Beja | B5: =COUNTIF(Concelhos!$C$2:$C$309,A5) -> 14 | C5: =COUNTIFS(Concelhos!$C$2:$C$309,A5,Concelhos!$E$2:$E$309,"<>") -> 14
A6: Braga | B6: =COUNTIF(Concelhos!$C$2:$C$309,A6) -> 14 | C6: =COUNTIFS(Concelhos!$C$2:$C$309,A6,Concelhos!$E$2:$E$309,"<>") -> 14
A7: Bragança | B7: =COUNTIF(Concelhos!$C$2:$C$309,A7) -> 12 | C7: =COUNTIFS(Concelhos!$C$2:$C$309,A7,Concelhos!$E$2:$E$309,"<>") -> 12
A8: Castelo Branco | B8: =COUNTIF(Concelhos!$C$2:$C$309,A8) -> 11 | C8: =COUNTIFS(Concelhos!$C$2:$C$309,A8,Concelhos!$E$2:$E$309,"<>") -> 11
A9: Coimbra | B9: =COUNTIF(Concelhos!$C$2:$C$309,A9) -> 17 | C9: =COUNTIFS(Concelhos!$C$2:$C$309,A9,Concelhos!$E$2:$E$309,"<>") -> 17
A10: Faro | B10: =COUNTIF(Concelhos!$C$2:$C$309,A10) -> 16 | C10: =COUNTIFS(Concelhos!$C$2:$C$309,A10,Concelhos!$E$2:$E$309,"<>") -> 16
A11: Guarda | B11: =COUNTIF(Concelhos!$C$2:$C$309,A11) -> 14 | C11: =COUNTIFS(Concelhos!$C$2:$C$309,A11,Concelhos!$E$2:$E$309,"<>") -> 14
A12: Leiria | B12: =COUNTIF(Concelhos!$C$2:$C$309,A12) -> 16 | C12: =COUNTIFS(Concelhos!$C$2:$C$309,A12,Concelhos!$E$2:$E$309,"<>") -> 16
A13: Lisboa | B13: =COUNTIF(Concelhos!$C$2:$C$309,A13) -> 16 | C13: =COUNTIFS(Concelhos!$C$2:$C$309,A13,Concelhos!$E$2:$E$309,"<>") -> 16
A14: Portalegre | B14: =COUNTIF(Concelhos!$C$2:$C$309,A14) -> 15 | C14: =COUNTIFS(Concelhos!$C$2:$C$309,A14,Concelhos!$E$2:$E$309,"<>") -> 15
A15: Porto | B15: =COUNTIF(Concelhos!$C$2:$C$309,A15) -> 18 | C15: =COUNTIFS(Concelhos!$C$2:$C$309,A15,Concelhos!$E$2:$E$309,"<>") -> 18
... A23: R. A. dos Açores | B23: =COUNTIF(Concelhos!$C$2:$C$309,A23) -> 19 | C23: =COUNTIFS(Concelhos!$C$2:$C$309,A23,Concelhos!$E$2:$E$309,"<>") -> 19
A24: TOTAL | B24: =SUM(B4:B23) -> 308 | C24: =SUM(C4:C23) -> 308

Sheet Notas
A1: Como usar este ficheiro
A2: • Preencher apenas as células amarelas da coluna "Email da Câmara Municipal" (folha Concelhos).
A3: • Formato esperado do email, p. ex.: geral@cm-nomedoconcelho.pt
A4: • A folha "Resumo" atualiza automaticamente a contagem de emails preenchidos.
A6: Fontes e notas
A7: • Lista de concelhos: CAOP 2025 (Carta Administrativa Oficial de Portugal, DGT).
A8: • Total: 308 concelhos (278 no continente, 19 nos Açores, 11 na Madeira).
A9: • Emails: sugere-se a exportação pública do SIOE/DGAEP (sioe.dgaep.gov.pt) para preenchimento.
A10: • Código DICO: Distrito (2) + Concelho (2), guardado como texto para manter zeros à esquerda.
A12: Emails preenchidos a partir do export do SIOE de 19-07-2026 (308/308).
